{
  "losses": [
    1.0282245846021743,
    0.7849300248282296,
    0.6209321225446368,
    0.4961991109072216,
    0.39723885745283155
  ],
  "metrics": {
    "both": {
      "optimistic": {
        "adjusted_arithmetic_mean_rank": 0.6260622491297867,
        "adjusted_arithmetic_mean_rank_index": 0.37396818672519505,
        "adjusted_geometric_mean_rank_index": 0.7505176090329815,
        "adjusted_hits_at_k": 0.06214816294644261,
        "adjusted_inverse_harmonic_mean_rank": 0.037529436689953545,
        "arithmetic_mean_rank": 7692.485202863962,
        "count": 4190.0,
        "geometric_mean_rank": 2256.841365284518,
        "harmonic_mean_rank": 26.35183691724331,
        "hits_at_1": 0.025298329355608593,
        "hits_at_10": 0.06252983293556086,
        "hits_at_3": 0.03937947494033413,
        "hits_at_5": 0.04677804295942721,
        "inverse_arithmetic_mean_rank": 0.00012999700014082493,
        "inverse_geometric_mean_rank": 0.00044309716020910086,
        "inverse_harmonic_mean_rank": 0.03794801869563979,
        "inverse_median_rank": 0.00018689842070834502,
        "median_absolute_deviation": 7496.778117873576,
        "median_rank": 5350.5,
        "standard_deviation": 7340.084029624789,
        "variance": 53876833.56195288,
        "z_arithmetic_mean_rank": 41.9253934756632,
        "z_geometric_mean_rank": 48.64353275145874,
        "z_hits_at_k": 199.37469324782217,
        "z_inverse_harmonic_mean_rank": 297.2068470137304
      },
      "pessimistic": {
        "adjusted_arithmetic_mean_rank": 0.6260627541516415,
        "adjusted_arithmetic_mean_rank_index": 0.37396768166223515,
        "adjusted_geometric_mean_rank_index": 0.75051738421777,
        "adjusted_hits_at_k": 0.06214816294644261,
        "adjusted_inverse_harmonic_mean_rank": 0.03752943628251358,
        "arithmetic_mean_rank": 7692.491408114559,
        "count": 4190.0,
        "geometric_mean_rank": 2256.8433980831123,
        "harmonic_mean_rank": 26.351837200054447,
        "hits_at_1": 0.025298329355608593,
        "hits_at_10": 0.06252983293556086,
        "hits_at_3": 0.03937947494033413,
        "hits_at_5": 0.04677804295942721,
        "inverse_arithmetic_mean_rank": 0.00012999689527701423,
        "inverse_geometric_mean_rank": 0.0004430967610997585,
        "inverse_harmonic_mean_rank": 0.03794801828837702,
        "inverse_median_rank": 0.00018689842070834502,
        "median_absolute_deviation": 7496.778117873576,
        "median_rank": 5350.5,
        "standard_deviation": 7340.088449051709,
        "variance": 53876898.43990232,
        "z_arithmetic_mean_rank": 41.925336853297765,
        "z_geometric_mean_rank": 48.643518180440054,
        "z_hits_at_k": 199.37469324782217,
        "z_inverse_harmonic_mean_rank": 297.20684378709126
      },
      "realistic": {
        "adjusted_arithmetic_mean_rank": 0.6260624996679724,
        "adjusted_arithmetic_mean_rank_index": 0.3739679361666173,
        "adjusted_geometric_mean_rank_index": 0.7505174532997911,
        "adjusted_hits_at_k": 0.06214816294644261,
        "adjusted_inverse_harmonic_mean_rank": 0.03752943779736572,
        "arithmetic_mean_rank": 7692.48828125,
        "count": 4190.0,
        "geometric_mean_rank": 2256.8427734375,
        "harmonic_mean_rank": 26.351836148569383,
        "hits_at_1": 0.025298329355608593,
        "hits_at_10": 0.06252983293556086,
        "hits_at_3": 0.03937947494033413,
        "hits_at_5": 0.04677804295942721,
        "inverse_arithmetic_mean_rank": 0.00012999694445170462,
        "inverse_geometric_mean_rank": 0.0004430968838278204,
        "inverse_harmonic_mean_rank": 0.03794801980257034,
        "inverse_median_rank": 0.00018689842545427382,
        "median_absolute_deviation": 7496.778117873576,
        "median_rank": 5350.5,
        "standard_deviation": 7340.0859375,
        "variance": 53876864.0,
        "z_arithmetic_mean_rank": 41.92536538566159,
        "z_geometric_mean_rank": 48.64352265787472,
        "z_hits_at_k": 199.37469324782217,
        "z_inverse_harmonic_mean_rank": 297.20685578365897
      }
    },
    "head": {
      "optimistic": {
        "adjusted_arithmetic_mean_rank": 0.8275072844345169,
        "adjusted_arithmetic_mean_rank_index": 0.17250678408619857,
        "adjusted_geometric_mean_rank_index": 0.41076603354690944,
        "adjusted_hits_at_k": 0.021080501457604064,
        "adjusted_inverse_harmonic_mean_rank": 0.02135482661866767,
        "arithmetic_mean_rank": 10146.810978520287,
        "count": 2095.0,
        "geometric_mean_rank": 5318.54312832321,
        "harmonic_mean_rank": 45.91105709803607,
        "hits_at_1": 0.02100238663484487,
        "hits_at_10": 0.021479713603818614,
        "hits_at_3": 0.02100238663484487,
        "hits_at_5": 0.02100238663484487,
        "inverse_arithmetic_mean_rank": 9.855313182800911e-05,
        "inverse_geometric_mean_rank": 0.00018802141411143776,
        "inverse_harmonic_mean_rank": 0.021781245373301956,
        "inverse_median_rank": 0.00010763104079216446,
        "median_absolute_deviation": 9365.598214299887,
        "median_rank": 9291.0,
        "standard_deviation": 7387.612467308693,
        "variance": 54576817.96713484,
        "z_arithmetic_mean_rank": 13.675018741886348,
        "z_geometric_mean_rank": 18.828738927218865,
        "z_hits_at_k": 47.770083501080364,
        "z_inverse_harmonic_mean_rank": 119.45849262957873
      },
      "pessimistic": {
        "adjusted_arithmetic_mean_rank": 0.8275078683493223,
        "adjusted_arithmetic_mean_rank_index": 0.17250620012376894,
        "adjusted_geometric_mean_rank_index": 0.4107655597902148,
        "adjusted_hits_at_k": 0.021080501457604064,
        "adjusted_inverse_harmonic_mean_rank": 0.02135482637234886,
        "arithmetic_mean_rank": 10146.818138424822,
        "count": 2095.0,
        "geometric_mean_rank": 5318.547403741465,
        "harmonic_mean_rank": 45.911057617006826,
        "hits_at_1": 0.02100238663484487,
        "hits_at_10": 0.021479713603818614,
        "hits_at_3": 0.02100238663484487,
        "hits_at_5": 0.02100238663484487,
        "inverse_arithmetic_mean_rank": 9.855306228591169e-05,
        "inverse_geometric_mean_rank": 0.0001880212629667501,
        "inverse_harmonic_mean_rank": 0.021781245127090475,
        "inverse_median_rank": 0.00010763104079216446,
        "median_absolute_deviation": 9365.598214299887,
        "median_rank": 9291.0,
        "standard_deviation": 7387.616482303301,
        "variance": 54576877.289599404,
        "z_arithmetic_mean_rank": 13.674972449810284,
        "z_geometric_mean_rank": 18.828717211107033,
        "z_hits_at_k": 47.770083501080364,
        "z_inverse_harmonic_mean_rank": 119.45849125167601
      },
      "realistic": {
        "adjusted_arithmetic_mean_rank": 0.8275075678004647,
        "adjusted_arithmetic_mean_rank_index": 0.17250650069713935,
        "adjusted_geometric_mean_rank_index": 0.4107654560612465,
        "adjusted_hits_at_k": 0.021080501457604064,
        "adjusted_inverse_harmonic_mean_rank": 0.021354824628382927,
        "arithmetic_mean_rank": 10146.814453125,
        "count": 2095.0,
        "geometric_mean_rank": 5318.54833984375,
        "harmonic_mean_rank": 45.911061291380776,
        "hits_at_1": 0.02100238663484487,
        "hits_at_10": 0.021479713603818614,
        "hits_at_3": 0.02100238663484487,
        "hits_at_5": 0.02100238663484487,
        "inverse_arithmetic_mean_rank": 9.8553100542631e-05,
        "inverse_geometric_mean_rank": 0.00018802123668137938,
        "inverse_harmonic_mean_rank": 0.02178124338388443,
        "inverse_median_rank": 0.00010763104364741594,
        "median_absolute_deviation": 9365.598214299887,
        "median_rank": 9291.0,
        "standard_deviation": 7387.6142578125,
        "variance": 54576848.0,
        "z_arithmetic_mean_rank": 13.674996276968713,
        "z_geometric_mean_rank": 18.828712456367104,
        "z_hits_at_k": 47.770083501080364,