{
  "losses": [
    1.027395662807283,
    0.7862025385811215,
    0.6285918142114367,
    0.49581502425292184,
    0.4020742525657018
  ],
  "metrics": {
    "both": {
      "optimistic": {
        "adjusted_arithmetic_mean_rank": 0.6214499428019047,
        "adjusted_arithmetic_mean_rank_index": 0.3785808684617814,
        "adjusted_geometric_mean_rank_index": 0.7452644426798163,
        "adjusted_hits_at_k": 0.05761171057780269,
        "adjusted_inverse_harmonic_mean_rank": 0.035992576423509955,
        "arithmetic_mean_rank": 7635.813365155132,
        "count": 4190.0,
        "geometric_mean_rank": 2304.340949973674,
        "harmonic_mean_rank": 27.463604203919513,
        "hits_at_1": 0.025059665871121718,
        "hits_at_10": 0.05799522673031026,
        "hits_at_3": 0.037231503579952266,
        "hits_at_5": 0.045346062052505964,
        "inverse_arithmetic_mean_rank": 0.0001309618179725748,
        "inverse_geometric_mean_rank": 0.00043396355908678554,
        "inverse_harmonic_mean_rank": 0.036411826815406965,
        "inverse_median_rank": 0.00017932394871335067,
        "median_absolute_deviation": 7606.490682042991,
        "median_rank": 5576.5,
        "standard_deviation": 7228.9188178091545,
        "variance": 52257267.2744753,
        "z_arithmetic_mean_rank": 42.442519005719305,
        "z_geometric_mean_rank": 48.30305763605365,
        "z_hits_at_k": 184.82150685339292,
        "z_inverse_harmonic_mean_rank": 285.0359903642178
      },
      "pessimistic": {
        "adjusted_arithmetic_mean_rank": 0.6214503895520069,
        "adjusted_arithmetic_mean_rank_index": 0.3785804216753169,
        "adjusted_geometric_mean_rank_index": 0.7452642193691832,
        "adjusted_hits_at_k": 0.05761171057780269,
        "adjusted_inverse_harmonic_mean_rank": 0.03599257617504091,
        "arithmetic_mean_rank": 7635.8188544152745,
        "count": 4190.0,
        "geometric_mean_rank": 2304.34296916774,
        "harmonic_mean_rank": 27.463604391245678,
        "hits_at_1": 0.025059665871121718,
        "hits_at_10": 0.05799522673031026,
        "hits_at_3": 0.037231503579952266,
        "hits_at_5": 0.045346062052505964,
        "inverse_arithmetic_mean_rank": 0.000130961723826354,
        "inverse_geometric_mean_rank": 0.0004339631788236671,
        "inverse_harmonic_mean_rank": 0.03641182656704598,
        "inverse_median_rank": 0.00017932394871335067,
        "median_absolute_deviation": 7606.490682042991,
        "median_rank": 5576.5,
        "standard_deviation": 7228.921239325412,
        "variance": 52257302.28437005,
        "z_arithmetic_mean_rank": 42.44246891670373,
        "z_geometric_mean_rank": 48.30304316255168,
        "z_hits_at_k": 184.82150685339292,
        "z_inverse_harmonic_mean_rank": 285.03598839651704
      },
      "realistic": {
        "adjusted_arithmetic_mean_rank": 0.6214501903051033,
        "adjusted_arithmetic_mean_rank_index": 0.3785806209384378,
        "adjusted_geometric_mean_rank_index": 0.7452642410157622,
        "adjusted_hits_at_k": 0.05761171057780269,
        "adjusted_inverse_harmonic_mean_rank": 0.03599257517504393,
        "arithmetic_mean_rank": 7635.81640625,
        "count": 4190.0,
        "geometric_mean_rank": 2304.3427734375,
        "harmonic_mean_rank": 27.463605145164962,
        "hits_at_1": 0.025059665871121718,
        "hits_at_10": 0.05799522673031026,
        "hits_at_3": 0.037231503579952266,
        "hits_at_5": 0.045346062052505964,
        "inverse_arithmetic_mean_rank": 0.0001309617655351758,
        "inverse_geometric_mean_rank": 0.0004339632287155837,
        "inverse_harmonic_mean_rank": 0.0364118255674839,
        "inverse_median_rank": 0.00017932394985109568,
        "median_absolute_deviation": 7606.490682042991,
        "median_rank": 5576.5,
        "standard_deviation": 7228.919921875,
        "variance": 52257284.0,
        "z_arithmetic_mean_rank": 42.442491255996345,
        "z_geometric_mean_rank": 48.30304456553818,
        "z_hits_at_k": 184.82150685339292,
        "z_inverse_harmonic_mean_rank": 285.03598047724154
      }
    },
    "head": {
      "optimistic": {
        "adjusted_arithmetic_mean_rank": 0.8194306137734836,
        "adjusted_arithmetic_mean_rank_index": 0.18058411348118553,
        "adjusted_geometric_mean_rank_index": 0.40360448819595296,
        "adjusted_hits_at_k": 0.023468109990634298,
        "adjusted_inverse_harmonic_mean_rank": 0.022366105088203,
        "arithmetic_mean_rank": 10047.775656324582,
        "count": 2095.0,
        "geometric_mean_rank": 5383.172508904218,
        "harmonic_mean_rank": 43.87488370440854,
        "hits_at_1": 0.021479713603818614,
        "hits_at_10": 0.02386634844868735,
        "hits_at_3": 0.02243436754176611,
        "hits_at_5": 0.022911694510739856,
        "inverse_arithmetic_mean_rank": 9.95245150970851e-05,
        "inverse_geometric_mean_rank": 0.00018576406354169707,
        "inverse_harmonic_mean_rank": 0.022792083204986824,
        "inverse_median_rank": 0.00011024142872891633,
        "median_absolute_deviation": 8854.100448915455,
        "median_rank": 9071.0,
        "standard_deviation": 7218.1073590358355,
        "variance": 52101073.84656729,
        "z_arithmetic_mean_rank": 14.315327651741413,
        "z_geometric_mean_rank": 18.50046721846961,
        "z_hits_at_k": 53.180593266236095,
        "z_inverse_harmonic_mean_rank": 125.11556509177488
      },
      "pessimistic": {
        "adjusted_arithmetic_mean_rank": 0.8194311587606354,
        "adjusted_arithmetic_mean_rank_index": 0.18058356844958445,
        "adjusted_geometric_mean_rank_index": 0.4036040849014313,
        "adjusted_hits_at_k": 0.023468109990634298,
        "adjusted_inverse_harmonic_mean_rank": 0.022366104988209796,
        "arithmetic_mean_rank": 10047.782338902149,
        "count": 2095.0,
        "geometric_mean_rank": 5383.176148436449,
        "harmonic_mean_rank": 43.87488389681213,
        "hits_at_1": 0.021479713603818614,
        "hits_at_10": 0.02386634844868735,
        "hits_at_3": 0.02243436754176611,
        "hits_at_5": 0.022911694510739856,
        "inverse_arithmetic_mean_rank": 9.952444890533557e-05,
        "inverse_geometric_mean_rank": 0.00018576393794775812,
        "inverse_harmonic_mean_rank": 0.02279208310503719,
        "inverse_median_rank": 0.00011024142872891633,
        "median_absolute_deviation": 8854.100448915455,
        "median_rank": 9071.0,
        "standard_deviation": 7218.1106274061285,
        "variance": 52101121.02947329,
        "z_arithmetic_mean_rank": 14.315284445803755,
        "z_geometric_mean_rank": 18.50044873221067,
        "z_hits_at_k": 53.180593266236095,
        "z_inverse_harmonic_mean_rank": 125.1155645324148
      },
      "realistic": {
        "adjusted_arithmetic_mean_rank": 0.8194308310308478,
        "adjusted_arithmetic_mean_rank_index": 0.18058389620610182,
        "adjusted_geometric_mean_rank_index": 0.4036045584385233,
        "adjusted_hits_at_k": 0.023468109990634298,
        "adjusted_inverse_harmonic_mean_rank": 0.02236610416273351,
        "arithmetic_mean_rank": 10047.7783203125,
        "count": 2095.0,
        "geometric_mean_rank": 5383.171875,
        "harmonic_mean_rank": 43.87488548516615,
        "hits_at_1": 0.021479713603818614,
        "hits_at_10": 0.02386634844868735,
        "hits_at_3": 0.02243436754176611,
        "hits_at_5": 0.022911694510739856,
        "inverse_arithmetic_mean_rank": 9.952449181582779e-05,
        "inverse_geometric_mean_rank": 0.0001857640891103074,
        "inverse_harmonic_mean_rank": 0.022792082279920578,
        "inverse_median_rank": 0.00011024143168469891,
        "median_absolute_deviation": 8854.100448915455,
        "median_rank": 9071.0,
        "standard_deviation": 7218.10888671875,
        "variance": 52101096.0,
        "z_arithmetic_mean_rank": 14.315310427834206,
        "z_geometric_mean_rank": 18.500470438256322,
        "z_hits_at_k": 53.180593266236095,