{
  "losses": [
    1.0232853402221014,
    0.789392458068,
    0.6250296599335141,
    0.4907965482700439,
    0.4055434711395748
  ],
  "metrics": {
    "both": {
      "optimistic": {
        "adjusted_arithmetic_mean_rank": 0.6212128933128416,
        "adjusted_arithmetic_mean_rank_index": 0.37881793724497537,
        "adjusted_geometric_mean_rank_index": 0.7424184941922948,
        "adjusted_hits_at_k": 0.058089231879764794,
        "adjusted_inverse_harmonic_mean_rank": 0.03543394773037293,
        "arithmetic_mean_rank": 7632.900715990453,
        "count": 4190.0,
        "geometric_mean_rank": 2330.074262440078,
        "harmonic_mean_rank": 27.89132563296006,
        "hits_at_1": 0.022673031026252982,
        "hits_at_10": 0.05847255369928401,
        "hits_at_3": 0.03914081145584725,
        "hits_at_5": 0.047016706443914084,
        "inverse_arithmetic_mean_rank": 0.00013101179187422968,
        "inverse_geometric_mean_rank": 0.00042917087069696633,
        "inverse_harmonic_mean_rank": 0.03585344107195351,
        "inverse_median_rank": 0.00018259837487446363,
        "median_absolute_deviation": 7533.843173336216,
        "median_rank": 5476.5,
        "standard_deviation": 7159.488257413545,
        "variance": 51258272.10804244,
        "z_arithmetic_mean_rank": 42.46909667293542,
        "z_geometric_mean_rank": 48.11860228577868,
        "z_hits_at_k": 186.35342121070127,
        "z_inverse_harmonic_mean_rank": 280.6120424667238
      },
      "pessimistic": {
        "adjusted_arithmetic_mean_rank": 0.6212133983346964,
        "adjusted_arithmetic_mean_rank_index": 0.37881743218201536,
        "adjusted_geometric_mean_rank_index": 0.742418222929448,
        "adjusted_hits_at_k": 0.058089231879764794,
        "adjusted_inverse_harmonic_mean_rank": 0.03543394695823873,
        "arithmetic_mean_rank": 7632.90692124105,
        "count": 4190.0,
        "geometric_mean_rank": 2330.0767152222097,
        "harmonic_mean_rank": 27.89132623336214,
        "hits_at_1": 0.022673031026252982,
        "hits_at_10": 0.05847255369928401,
        "hits_at_3": 0.03914081145584725,
        "hits_at_5": 0.047016706443914084,
        "inverse_arithmetic_mean_rank": 0.00013101168536683896,
        "inverse_geometric_mean_rank": 0.00042917041892529884,
        "inverse_harmonic_mean_rank": 0.03585344030015512,
        "inverse_median_rank": 0.00018259837487446363,
        "median_absolute_deviation": 7533.843173336216,
        "median_rank": 5476.5,
        "standard_deviation": 7159.492190424488,
        "variance": 51258328.42474923,
        "z_arithmetic_mean_rank": 42.46904005057,
        "z_geometric_mean_rank": 48.118584704334864,
        "z_hits_at_k": 186.35342121070127,
        "z_inverse_harmonic_mean_rank": 280.6120363519619
      },
      "realistic": {
        "adjusted_arithmetic_mean_rank": 0.6212131847474786,
        "adjusted_arithmetic_mean_rank_index": 0.3788176457866176,
        "adjusted_geometric_mean_rank_index": 0.7424183640217812,
        "adjusted_hits_at_k": 0.058089231879764794,
        "adjusted_inverse_harmonic_mean_rank": 0.03543394846338565,
        "arithmetic_mean_rank": 7632.904296875,
        "count": 4190.0,
        "geometric_mean_rank": 2330.075439453125,
        "harmonic_mean_rank": 27.891325062978378,
        "hits_at_1": 0.022673031026252982,
        "hits_at_10": 0.05847255369928401,
        "hits_at_3": 0.03914081145584725,
        "hits_at_5": 0.047016706443914084,
        "inverse_arithmetic_mean_rank": 0.00013101173681207,
        "inverse_geometric_mean_rank": 0.00042917064274661243,
        "inverse_harmonic_mean_rank": 0.035853441804647446,
        "inverse_median_rank": 0.0001825983781600371,
        "median_absolute_deviation": 7533.843173336216,
        "median_rank": 5476.5,
        "standard_deviation": 7159.490234375,
        "variance": 51258300.0,
        "z_arithmetic_mean_rank": 42.46906399767917,
        "z_geometric_mean_rank": 48.118593848996426,
        "z_hits_at_k": 186.35342121070127,
        "z_inverse_harmonic_mean_rank": 280.61204827167103
      }
    },
    "head": {
      "optimistic": {
        "adjusted_arithmetic_mean_rank": 0.8253353549242451,
        "adjusted_arithmetic_mean_rank_index": 0.17467889073922793,
        "adjusted_geometric_mean_rank_index": 0.40314569854082294,
        "adjusted_hits_at_k": 0.023945631697240347,
        "adjusted_inverse_harmonic_mean_rank": 0.021740528949441715,
        "arithmetic_mean_rank": 10120.178997613366,
        "count": 2095.0,
        "geometric_mean_rank": 5387.312857079779,
        "harmonic_mean_rank": 45.11255202777253,
        "hits_at_1": 0.020047732696897375,
        "hits_at_10": 0.0243436754176611,
        "hits_at_3": 0.02243436754176611,
        "hits_at_5": 0.023389021479713605,
        "inverse_arithmetic_mean_rank": 9.881248150213837e-05,
        "inverse_geometric_mean_rank": 0.0001856212970230311,
        "inverse_harmonic_mean_rank": 0.02216677964448503,
        "inverse_median_rank": 0.00010682619378271552,
        "median_absolute_deviation": 8748.835691401557,
        "median_rank": 9361.0,
        "standard_deviation": 7174.986710036535,
        "variance": 51480434.28920091,
        "z_arithmetic_mean_rank": 13.847206747980707,
        "z_geometric_mean_rank": 18.479437167458915,
        "z_hits_at_k": 54.262695219267236,
        "z_inverse_harmonic_mean_rank": 121.61610410827392
      },
      "pessimistic": {
        "adjusted_arithmetic_mean_rank": 0.8253359777667042,
        "adjusted_arithmetic_mean_rank_index": 0.17467826784596974,
        "adjusted_geometric_mean_rank_index": 0.4031452949108263,
        "adjusted_hits_at_k": 0.023945631697240347,
        "adjusted_inverse_harmonic_mean_rank": 0.021740528878861128,
        "arithmetic_mean_rank": 10120.18663484487,
        "count": 2095.0,
        "geometric_mean_rank": 5387.316499639504,
        "harmonic_mean_rank": 45.11255217135149,
        "hits_at_1": 0.020047732696897375,
        "hits_at_10": 0.0243436754176611,
        "hits_at_3": 0.02243436754176611,
        "hits_at_5": 0.023389021479713605,
        "inverse_arithmetic_mean_rank": 9.881240693298033e-05,
        "inverse_geometric_mean_rank": 0.00018562117151775203,
        "inverse_harmonic_mean_rank": 0.022166779573935196,
        "inverse_median_rank": 0.00010682619378271552,
        "median_absolute_deviation": 8748.835691401557,
        "median_rank": 9361.0,
        "standard_deviation": 7174.989986139745,
        "variance": 51480481.30120563,
        "z_arithmetic_mean_rank": 13.84715736976625,
        "z_geometric_mean_rank": 18.479418665822436,
        "z_hits_at_k": 54.262695219267236,
        "z_inverse_harmonic_mean_rank": 121.61610371344746
      },
      "realistic": {
        "adjusted_arithmetic_mean_rank": 0.825335729754973,
        "adjusted_arithmetic_mean_rank_index": 0.17467851587792882,
        "adjusted_geometric_mean_rank_index": 0.4031458463209746,
        "adjusted_hits_at_k": 0.023945631697240347,
        "adjusted_inverse_harmonic_mean_rank": 0.02174052856959888,
        "arithmetic_mean_rank": 10120.18359375,
        "count": 2095.0,
        "geometric_mean_rank": 5387.3115234375,
        "harmonic_mean_rank": 45.112552800469956,
        "hits_at_1": 0.020047732696897375,
        "hits_at_10": 0.0243436754176611,
        "hits_at_3": 0.02243436754176611,
        "hits_at_5": 0.023389021479713605,
        "inverse_arithmetic_mean_rank": 9.881243749987334e-05,
        "inverse_geometric_mean_rank": 0.00018562134937383235,
        "inverse_harmonic_mean_rank": 0.0221667792648077,
        "inverse_median_rank": 0.0001068261917680502,
        "median_absolute_deviation": 8748.835691401557,
        "median_rank": 9361.0,
        "standard_deviation": 7174.98828125,
        "variance": 51480460.0,
        "z_arithmetic_mean_rank": 13.847177031843358,
        "z_geometric_mean_rank": 18.47944394142187,
        "z_hits_at_k": 54.262695219267236,